title,link
"shopify site
analytics",http://statcounter.com/shopify/
,http://www.ashish.ch/
,https://ashish.ch/about-me/
,https://ashish.ch/rss/
,http://twitter.com/Ashish_che
,http://github.com/PandaWhoCodes
,http://instagram.com/PandaWhoCodes
,http://linkedin.com/in/reach2ashish
Creating a local backup for your Emails,http://www.ashish.ch/how-to-read-and-parse-emails-from-gmail-using-python/
,http://www.ashish.ch/how-to-read-and-parse-emails-from-gmail-using-python/#disqus_thread
Inexpensive ways to manage your email subscriptions,http://www.ashish.ch/email-campaigns-using-spreadsheets/
,http://www.ashish.ch/tag/python/
,http://www.ashish.ch/tag/flask/
,http://www.ashish.ch/tag/google/
,http://www.ashish.ch/tag/diy/
,http://www.ashish.ch/email-campaigns-using-spreadsheets/#disqus_thread
A simple guide to creating REST API's with flask,http://www.ashish.ch/a-simple-guide-to-creating-rest-apis-with-flask/
,http://www.ashish.ch/tag/python/
,http://www.ashish.ch/tag/flask/
,http://www.ashish.ch/tag/api/
,http://www.ashish.ch/tag/code/
,http://www.ashish.ch/a-simple-guide-to-creating-rest-apis-with-flask/#disqus_thread
Learning pandas with Pokemon,http://www.ashish.ch/learning-pandas-with-pokemon/
,http://www.ashish.ch/tag/practice/
,http://www.ashish.ch/tag/python/
,http://www.ashish.ch/tag/code/
,http://www.ashish.ch/tag/notebook/
,http://www.ashish.ch/learning-pandas-with-pokemon/#disqus_thread
Build2Learn for kids ?,http://www.ashish.ch/build2learn-for-kids/
,http://www.ashish.ch/build2learn-for-kids/#disqus_thread
,http://www.ashish.ch/page/2/
